"Reporting starts","Reporting ends","Ad set name","Ad set delivery","Amount spent (TWD)",Impressions,Reach,"Attribution setting",Bid,"Bid type","CTR (link click-through rate)","Offline purchases","Link clicks","Website checkouts initiated","In-app purchases","3-second video plays rate per impressions","Checkouts initiated","Landing page views","Optimization events","Optimization event indicator","Optimization event conversion window","In-app adds to cart","3-second video plays",ThruPlays,"Video plays at 25%","Offline adds to cart","Meta adds to cart",Purchases,"Website purchases","Video plays at 75%","Offline checkouts initiated","Video plays at 95%","Offline purchases conversion value","App landing page views","Meta purchase conversion value","Video plays at 50%","In-app purchases conversion value","Website landing page views","Meta checkouts initiated","Video plays at 100%","ATC Rate","CPC (all) (TWD)","In-app purchase ROAS (return on ad spend)","Landing page views rate per link clicks","Purchases conversion value","Video average play time","Purchase ROAS (return on ad spend)","In-app checkouts initiated","Website adds to cart","Cost per purchase (TWD)",Frequency,"Adds to cart","Website purchases conversion value","Meta purchases","Hold Rate","Website purchase ROAS (return on ad spend)"
2025-12-04,2025-12-10,,0,19482,109550,60883,"7-day click, 1-day view, or 1-day engaged-view",0,0,,,,,,17.034231,,,,,,,,,,,,,,,,,,,,,,,,,,4.5402,,93.959971,,00:00:00,,,,,1.799353,,,,,
2025-12-10,2025-12-10,早鳥_廣泛受眾_~1/5截止,active,1180,4079,2323,"7-day click, 1-day view, or 1-day engaged-view",0,ABSOLUTE_OCPM,5.295416,,216,27,,10.688894,27,178,6,actions:offsite_conversion.fb_pixel_purchase,"1-day view, 7-day click",,436,115,437,,,7,6,163,,126,,,,235,,178,,115,0.31018519,3.794212,,82.407407,70036,3,59.352542,,67,168.571429,1.755919,67,70036,1,0.26376147,59.352542
2025-12-10,2025-12-10,"測試 - 2025-常態影片廣告 RT14_VC_ATC_ENG90_exPUR（重定向）",active,421,1634,1364,"7-day click, 1-day view, or 1-day engaged-view",0,ABSOLUTE_OCPM,2.141983,,35,2,,11.444308,2,31,,,,,187,47,90,,,,,24,,20,,,,51,,31,,19,0.11428571,8.42,,88.571429,,3,,,4,,1.197947,4,,,0.10160428,
2025-12-10,2025-12-10,"測試 - 2025-常態影片廣告 INT_discount_gift（常態興趣）",inactive,0,0,0,-,0,ABSOLUTE_OCPM,,,,,,,,,,,,,,,,,,,,,,,,,,,,,,,,0,,0,,00:00:00,,,,,0,,,,,
2025-12-10,2025-12-10,"測試 - 2025-常態影片廣告 BRD",active,1196,7477,6138,"7-day click, 1-day view, or 1-day engaged-view",0,ABSOLUTE_OCPM,1.925906,,144,27,,17.84138,27,129,9,actions:offsite_conversion.fb_pixel_purchase,"1-day view, 7-day click",,1334,382,1484,,,9,9,472,,364,,,,719,,129,,349,0.39583333,5.245614,,89.583333,7666,2,6.409699,,57,132.888889,1.218149,57,7666,,0.26161919,6.409699
2025-12-09,2025-12-09,早鳥_廣泛受眾_~1/5截止,active,1207,4291,2574,"7-day click, 1-day view, or 1-day engaged-view",0,ABSOLUTE_OCPM,3.635516,,156,18,,11.186204,18,143,3,actions:offsite_conversion.fb_pixel_purchase,"1-day view, 7-day click",,480,117,478,,,3,3,152,,128,,,,260,,143,,120,0.23076923,4.696498,,91.666667,2598,3,2.152444,,36,402.333333,1.667055,36,2598,,0.25,2.152444
2025-12-09,2025-12-09,"測試 - 2025-常態影片廣告 RT14_VC_ATC_ENG90_exPUR（重定向）",active,476,1741,1426,"7-day click, 1-day view, or 1-day engaged-view",0,ABSOLUTE_OCPM,2.757036,,48,6,,13.612866,6,47,2,actions:offsite_conversion.fb_pixel_purchase,"1-day view, 7-day click",,237,57,109,,,2,2,35,,28,,,,62,,47,,26,0.1875,8.206897,,97.916667,766,3,1.609244,,9,238,1.220898,9,766,,0.10970464,1.609244
2025-12-09,2025-12-09,"測試 - 2025-常態影片廣告 INT_discount_gift（常態興趣）",inactive,0,0,0,-,0,ABSOLUTE_OCPM,,,,,,,,,,,,,,,,,,,,,,,,,,,,,,,,0,,0,,00:00:00,,,,,0,,,,,
2025-12-09,2025-12-09,"測試 - 2025-常態影片廣告 BRD",active,1238,8610,7514,"7-day click, 1-day view, or 1-day engaged-view",0,ABSOLUTE_OCPM,1.579559,,136,8,,17.630662,8,130,2,actions:offsite_conversion.fb_pixel_purchase,"1-day view, 7-day click",,1518,494,1675,,,2,2,580,,482,,,,860,,130,,473,0.13970588,6.098522,,95.588235,2160,2,1.74475,,19,619,1.145861,19,2160,,0.3115942,1.74475
2025-12-08,2025-12-08,早鳥_廣泛受眾_~1/5截止,active,1225,4575,2894,"7-day click, 1-day view, or 1-day engaged-view",0,ABSOLUTE_OCPM,3.956284,,181,13,,14.142077,13,168,2,actions:offsite_conversion.fb_pixel_purchase,"1-day view, 7-day click",,647,162,659,,,2,2,238,,174,,,,361,,168,,165,0.12154696,4.553903,,92.81768,33852,3,27.634286,,22,612.5,1.580857,22,33852,,0.25502318,27.634286
2025-12-08,2025-12-08,"測試 - 2025-常態影片廣告 RT14_VC_ATC_ENG90_exPUR（重定向）",active,485,1810,1448,"7-day click, 1-day view, or 1-day engaged-view",0,ABSOLUTE_OCPM,3.038674,,55,2,,15.911602,2,47,,,,,288,74,135,,,,,36,,25,,,,87,,47,,21,0.07272727,6.139241,,85.454545,,3,,,4,,1.25,4,,,0.07291667,
2025-12-08,2025-12-08,"測試 - 2025-常態影片廣告 INT_discount_gift（常態興趣）",inactive,0,0,0,-,0,ABSOLUTE_OCPM,,,,,,,,,,,,,,,,,,,,,,,,,,,,,,,,0,,0,,00:00:00,,,,,0,,,,,
2025-12-08,2025-12-08,"測試 - 2025-常態影片廣告 BRD",active,1278,10079,8662,"7-day click, 1-day view, or 1-day engaged-view",0,ABSOLUTE_OCPM,1.587459,,160,15,,17.471971,15,133,5,actions:offsite_conversion.fb_pixel_purchase,"1-day view, 7-day click",,1761,474,1826,,,5,5,564,,465,,,,859,,133,,443,0.09375,4.992188,,83.125,3524,3,2.757433,,15,255.6,1.163588,15,3524,,0.25156161,2.757433
2025-12-07,2025-12-07,早鳥_廣泛受眾_~1/5截止,active,1279,4830,3109,"7-day click, 1-day view, or 1-day engaged-view",0,ABSOLUTE_OCPM,4.94824,,239,28,,16.977226,28,252,5,actions:offsite_conversion.fb_pixel_purchase,"1-day view, 7-day click",,820,202,826,,,6,5,295,,221,,,,441,,252,,209,0.21338912,3.513736,,105.439331,11209,3,8.763878,,51,213.166667,1.553554,51,11209,1,0.25487805,8.763878
2025-12-07,2025-12-07,"測試 - 2025-常態影片廣告 RT14_VC_ATC_ENG90_exPUR（重定向）",active,530,2250,1875,"7-day click, 1-day view, or 1-day engaged-view",0,ABSOLUTE_OCPM,3.022222,,68,4,,17.866667,4,62,2,actions:offsite_conversion.fb_pixel_purchase,"1-day view, 7-day click",,402,104,193,,,2,2,45,,32,,,,122,,62,,30,0.07352941,6.022727,,91.176471,3151,3,5.945283,,5,265,1.2,5,3151,,0.07462687,5.945283
2025-12-07,2025-12-07,"測試 - 2025-常態影片廣告 INT_discount_gift（常態興趣）",inactive,0,0,0,-,0,ABSOLUTE_OCPM,,,,,,,,,,,,,,,,,,,,,,,,,,,,,,,,0,,0,,00:00:00,,,,,0,,,,,
2025-12-07,2025-12-07,"測試 - 2025-常態影片廣告 BRD",active,1402,12038,10311,"7-day click, 1-day view, or 1-day engaged-view",0,ABSOLUTE_OCPM,1.719555,,207,17,,18.242233,17,189,6,actions:offsite_conversion.fb_pixel_purchase,"1-day view, 7-day click",,2196,598,2461,,,6,6,742,,589,,,,1141,,189,,570,0.36714976,4.537217,,91.304348,8004,2,5.708987,,76,233.666667,1.167491,76,8004,,0.25956284,5.708987
2025-12-06,2025-12-06,早鳥_廣泛受眾_~1/5截止,active,1212,4605,2849,"7-day click, 1-day view, or 1-day engaged-view",0,ABSOLUTE_OCPM,4.733985,,218,23,,15.917481,23,198,4,actions:offsite_conversion.fb_pixel_purchase,"1-day view, 7-day click",,733,167,737,,,4,4,240,,187,,,,418,,198,,174,0.19266055,3.775701,,90.825688,3665,3,3.023927,,42,303,1.616357,42,3665,,0.23738063,3.023927
2025-12-06,2025-12-06,"測試 - 2025-常態影片廣告 RT14_VC_ATC_ENG90_exPUR（重定向）",active,402,1743,1466,"7-day click, 1-day view, or 1-day engaged-view",0,ABSOLUTE_OCPM,2.294894,,40,10,,16.924842,10,36,3,actions:offsite_conversion.fb_pixel_purchase,"1-day view, 7-day click",,295,66,130,,,3,3,29,,17,,,,75,,36,,16,0.525,8.204082,,90,2523,3,6.276119,,21,134,1.18895,21,2523,,0.05423729,6.276119
2025-12-06,2025-12-06,"測試 - 2025-常態影片廣告 INT_discount_gift（常態興趣）",inactive,0,0,0,-,0,ABSOLUTE_OCPM,,,,,,,,,,,,,,,,,,,,,,,,,,,,,,,,0,,0,,00:00:00,,,,,0,,,,,
2025-12-06,2025-12-06,"測試 - 2025-常態影片廣告 BRD",active,1072,9586,8383,"7-day click, 1-day view, or 1-day engaged-view",0,ABSOLUTE_OCPM,1.283121,,123,3,,18.297517,3,114,,,,,1754,526,1944,,,,,628,,535,,,,969,,114,,515,0.13821138,5.386935,,92.682927,,2,,,17,,1.143505,17,,,0.2936146,
2025-12-05,2025-12-05,早鳥_廣泛受眾_~1/5截止,active,1161,4749,3046,"7-day click, 1-day view, or 1-day engaged-view",0,ABSOLUTE_OCPM,5.432723,,258,29,,19.077701,29,256,10,actions:offsite_conversion.fb_pixel_purchase,"1-day view, 7-day click",,906,234,921,,,10,10,314,,251,,,,520,,256,,237,0.28294574,2.784173,,99.224806,27762,3,23.912145,,73,116.1,1.559094,73,27762,,0.2615894,23.912145
2025-12-05,2025-12-05,"測試 - 2025-常態影片廣告 RT14_VC_ATC_ENG90_exPUR（重定向）",active,458,2009,1721,"7-day click, 1-day view, or 1-day engaged-view",0,ABSOLUTE_OCPM,1.941264,,39,3,,18.068691,3,33,,,,,363,125,195,,,,,49,,36,,,,133,,33,,33,0.1025641,6.735294,,84.615385,,4,,,4,,1.167345,4,,,0.09090909,
2025-12-05,2025-12-05,"測試 - 2025-常態影片廣告 INT_discount_gift（常態興趣）",inactive,0,0,0,-,0,ABSOLUTE_OCPM,,,,,,,,,,,,,,,,,,,,,,,,,,,,,,,,0,,0,,00:00:00,,,,,0,,,,,
2025-12-05,2025-12-05,"測試 - 2025-常態影片廣告 BRD",active,1090,9578,8530,"7-day click, 1-day view, or 1-day engaged-view",0,ABSOLUTE_OCPM,1.482564,,142,16,,17.916058,16,178,4,actions:offsite_conversion.fb_pixel_purchase,"1-day view, 7-day click",,1716,493,1873,,,4,4,607,,483,,,,910,,178,,458,0.24647887,5.023041,,125.352113,7408,2,6.79633,,35,272.5,1.12286,35,7408,,0.26689977,6.79633
2025-12-04,2025-12-04,早鳥_廣泛受眾_~1/5截止,active,591,3122,2539,"7-day click, 1-day view, or 1-day engaged-view",0,ABSOLUTE_OCPM,5.12492,,160,10,,20.659833,10,155,3,actions:offsite_conversion.fb_pixel_purchase,"1-day view, 7-day click",,645,173,645,,,3,3,234,,186,,,,363,,155,,171,0.1375,2.197026,,96.875,4342,3,7.34687,,22,197,1.229618,22,4342,,0.26511628,7.34687
2025-12-04,2025-12-04,"測試 - 2025-常態影片廣告 RT14_VC_ATC_ENG90_exPUR（重定向）",active,435,1744,1464,"7-day click, 1-day view, or 1-day engaged-view",0,ABSOLUTE_OCPM,2.06422,,36,2,,22.018349,2,29,,,,,384,119,196,,,,,47,,38,,,,129,,29,,38,0.33333333,8.529412,,80.555556,,4,,,12,,1.191257,12,,,0.09895833,
2025-12-04,2025-12-04,"測試 - 2025-常態影片廣告 INT_discount_gift（常態興趣）",inactive,0,0,0,-,0,ABSOLUTE_OCPM,,,,,,,,,,,,,,,,,,,,,,,,,,,,,,,,0,,0,,00:00:00,,,,,0,,,,,
2025-12-04,2025-12-04,"測試 - 2025-常態影片廣告 BRD",active,1144,9000,7598,"7-day click, 1-day view, or 1-day engaged-view",0,ABSOLUTE_OCPM,1.522222,,137,21,,17.322222,21,121,3,actions:offsite_conversion.fb_pixel_purchase,"1-day view, 7-day click",,1559,404,1608,,,4,3,479,,366,,,,739,,121,,351,0.43065693,5.017544,,88.321168,2229,3,1.948427,,59,286,1.184522,59,2229,1,0.22514432,1.948427
