"Reporting starts","Reporting ends","Ad name","Ad delivery","Amount spent (TWD)",Impressions,Reach,"Attribution setting",Bid,"Bid type","Quality ranking","Engagement rate ranking","Conversion rate ranking","CTR (link click-through rate)","Offline purchases","Link clicks","Website checkouts initiated","In-app purchases","3-second video plays rate per impressions","Checkouts initiated","Landing page views","In-app adds to cart","3-second video plays",ThruPlays,"Video plays at 25%","Offline adds to cart","Meta adds to cart",Purchases,"Website purchases","Video plays at 75%","Offline checkouts initiated","Video plays at 95%","Offline purchases conversion value","App landing page views","Meta purchase conversion value","Video plays at 50%","In-app purchases conversion value","Website landing page views","Meta checkouts initiated","Video plays at 100%","ATC Rate","CPC (all) (TWD)","In-app purchase ROAS (return on ad spend)","Landing page views rate per link clicks","Purchases conversion value","Video average play time","Purchase ROAS (return on ad spend)","In-app checkouts initiated","Website adds to cart","Cost per purchase (TWD)",Frequency,"Adds to cart","Website purchases conversion value","Meta purchases","Hold Rate","Website purchase ROAS (return on ad spend)","Ad set budget","Ad set budget type",Ends,"Account name","Campaign name","Ad set name"
2025-12-04,2025-12-10,,0,19482,109550,60883,"7-day click, 1-day view, or 1-day engaged-view",0,0,-,-,-,,,,,,17.034231,,,,,,,,,,,,,,,,,,,,,,,4.5402,,93.959971,,00:00:00,,,,,1.799353,,,,,,0,0,,,,
2025-12-10,2025-12-10,影片_B2C氛圍,active,651,2198,1582,"7-day click, 1-day view, or 1-day engaged-view",0,ABSOLUTE_OCPM,Average,-,-,6.414923,,141,17,,19.836215,17,115,,436,115,437,,,4,4,163,,126,,,,235,,115,,115,0.40425532,3.35567,,81.560284,9095,3,13.970814,,57,162.75,1.389381,57,9095,,0.26376147,13.970814,1700,Daily,2026-02-14,"102796323413794, TWD",2026春節早鳥預購_CNY,早鳥_廣泛受眾_~1/5截止
2025-12-10,2025-12-10,靜態圖_B2B主打,active,529,1881,1093,"7-day click, 1-day view, or 1-day engaged-view",0,ABSOLUTE_OCPM,-,-,-,3.987241,,75,10,,,10,63,,,,,,,3,2,,,,,,,,,63,,,0.13333333,4.521368,,84,60941,00:00:00,115.200378,,10,176.333333,1.720952,10,60941,1,,115.200378,1700,Daily,2026-02-14,"102796323413794, TWD",2026春節早鳥預購_CNY,早鳥_廣泛受眾_~1/5截止
2025-12-10,2025-12-10,BRD_20251203_Video_D_ASMR_Tuile,inactive,32,117,106,"7-day click, 1-day view, or 1-day engaged-view",0,ABSOLUTE_OCPM,-,-,-,0.854701,,1,,,16.239316,,1,,19,5,18,,,,,6,,5,,,,9,,1,,5,0,32,,100,,3,,,,,1.103774,,,,0.26315789,,850,Daily,Ongoing,"102796323413794, TWD","測試 - 2025-常態影片廣告","測試 - 2025-常態影片廣告 BRD"
2025-12-10,2025-12-10,BRD_VideoC_快節奏_1202,active,181,782,615,"7-day click, 1-day view, or 1-day engaged-view",0,ABSOLUTE_OCPM,Average,Average,"Above average",2.046036,,16,2,,13.299233,2,13,,104,35,73,,,1,1,37,,6,,,,49,,13,,4,0.375,8.227273,,81.25,1018,3,5.624309,,6,181,1.271545,6,1018,,0.03846154,5.624309,850,Daily,Ongoing,"102796323413794, TWD","測試 - 2025-常態影片廣告","測試 - 2025-常態影片廣告 BRD"
2025-12-10,2025-12-10,RT14_光影影片_1202,active,3,22,20,"7-day click, 1-day view, or 1-day engaged-view",0,ABSOLUTE_OCPM,-,-,-,4.545455,,1,,,18.181818,,,,4,,4,,,,,,,,,,,,,,,,0,3,,0,,2,,,,,1.1,,,,0,,300,Daily,Ongoing,"102796323413794, TWD","測試 - 2025-常態影片廣告","測試 - 2025-常態影片廣告 RT14_VC_ATC_ENG90_exPUR（重定向）"
2025-12-10,2025-12-10,"RT14_常態影片廣告 影片A-Ad1",active,418,1612,1353,"7-day click, 1-day view, or 1-day engaged-view",0,ABSOLUTE_OCPM,Average,Average,"Above average",2.109181,,34,2,,11.352357,2,31,,183,47,86,,,,,24,,20,,,,51,,31,,19,0.11764706,8.530612,,91.176471,,3,,,4,,1.191426,4,,,0.10382514,,300,Daily,Ongoing,"102796323413794, TWD","測試 - 2025-常態影片廣告","測試 - 2025-常態影片廣告 RT14_VC_ATC_ENG90_exPUR（重定向）"
2025-12-10,2025-12-10,"測試 - 2025-常態影片廣告 影片A-Ad2",active,983,6578,5663,"7-day click, 1-day view, or 1-day engaged-view",0,ABSOLUTE_OCPM,"Above average",Average,"Above average",1.930678,,127,25,,18.409851,25,115,,1211,342,1393,,,8,8,429,,353,,,,661,,115,,340,0.4015748,4.795122,,90.551181,6648,2,6.762971,,51,122.875,1.161575,51,6648,,0.2807597,6.762971,850,Daily,Ongoing,"102796323413794, TWD","測試 - 2025-常態影片廣告","測試 - 2025-常態影片廣告 BRD"
2025-12-09,2025-12-09,影片_B2C氛圍,active,608,2301,1739,"7-day click, 1-day view, or 1-day engaged-view",0,ABSOLUTE_OCPM,Average,-,-,3.954802,,91,14,,20.860495,14,77,,480,117,478,,,3,3,152,,128,,,,260,,77,,120,0.34065934,4.02649,,84.615385,2598,3,4.273026,,31,202.666667,1.323174,31,2598,,0.25,4.273026,1700,Daily,2026-02-14,"102796323413794, TWD",2026春節早鳥預購_CNY,早鳥_廣泛受眾_~1/5截止
2025-12-09,2025-12-09,靜態圖_B2B主打,active,599,1990,1256,"7-day click, 1-day view, or 1-day engaged-view",0,ABSOLUTE_OCPM,-,-,-,3.266332,,65,4,,,4,66,,,,,,,,,,,,,,,,,66,,,0.07692308,5.650943,,101.538462,,00:00:00,,,5,,1.584395,5,,,,,1700,Daily,2026-02-14,"102796323413794, TWD",2026春節早鳥預購_CNY,早鳥_廣泛受眾_~1/5截止
2025-12-09,2025-12-09,BRD_20251203_Video_D_ASMR_Tuile,inactive,0,2,1,"7-day click, 1-day view, or 1-day engaged-view",0,ABSOLUTE_OCPM,-,-,-,,,,,,,,,,,,1,,,,,,,,,,,,,,,,,0,,0,,3,,,,,2,,,,,,850,Daily,Ongoing,"102796323413794, TWD","測試 - 2025-常態影片廣告","測試 - 2025-常態影片廣告 BRD"
2025-12-09,2025-12-09,BRD_VideoC_快節奏_1202,active,189,788,612,"7-day click, 1-day view, or 1-day engaged-view",0,ABSOLUTE_OCPM,"Above average",Average,"Above average",1.522843,,12,,,14.213198,,9,,112,40,70,,,,,41,,18,,,,52,,9,,15,0,9,,75,,3,,,,,1.287582,,,,0.13392857,,850,Daily,Ongoing,"102796323413794, TWD","測試 - 2025-常態影片廣告","測試 - 2025-常態影片廣告 BRD"
2025-12-09,2025-12-09,RT14_光影影片_1202,active,4,17,17,"7-day click, 1-day view, or 1-day engaged-view",0,ABSOLUTE_OCPM,-,-,-,,,,,,5.882353,,,,1,1,1,,,,,1,,1,,,,1,,,,1,,0,,0,,9,,,,,1,,,,1,,300,Daily,Ongoing,"102796323413794, TWD","測試 - 2025-常態影片廣告","測試 - 2025-常態影片廣告 RT14_VC_ATC_ENG90_exPUR（重定向）"
2025-12-09,2025-12-09,"RT14_常態影片廣告 影片A-Ad1",active,472,1724,1412,"7-day click, 1-day view, or 1-day engaged-view",0,ABSOLUTE_OCPM,Average,Average,"Above average",2.784223,,48,6,,13.689095,6,47,,236,56,108,,,2,2,34,,27,,,,61,,47,,25,0.1875,8.137931,,97.916667,766,3,1.622881,,9,236,1.220963,9,766,,0.1059322,1.622881,300,Daily,Ongoing,"102796323413794, TWD","測試 - 2025-常態影片廣告","測試 - 2025-常態影片廣告 RT14_VC_ATC_ENG90_exPUR（重定向）"
2025-12-09,2025-12-09,"測試 - 2025-常態影片廣告 影片A-Ad2",active,1049,7820,7098,"7-day click, 1-day view, or 1-day engaged-view",0,ABSOLUTE_OCPM,"Above average",Average,"Above average",1.585678,,124,8,,17.97954,8,121,,1406,454,1604,,,2,2,539,,464,,,,808,,121,,458,0.15322581,5.763736,,97.580645,2160,2,2.059104,,19,524.5,1.101719,19,2160,,0.3257468,2.059104,850,Daily,Ongoing,"102796323413794, TWD","測試 - 2025-常態影片廣告","測試 - 2025-常態影片廣告 BRD"
2025-12-08,2025-12-08,影片_B2C氛圍,active,871,3378,2503,"7-day click, 1-day view, or 1-day engaged-view",0,ABSOLUTE_OCPM,Average,-,-,4.262877,,144,9,,19.153345,9,132,,647,162,659,,,1,1,238,,174,,,,361,,132,,165,0.13194444,4.089202,,91.666667,1063,3,1.220436,,19,871,1.349581,19,1063,,0.25502318,1.220436,1700,Daily,2026-02-14,"102796323413794, TWD",2026春節早鳥預購_CNY,早鳥_廣泛受眾_~1/5截止
2025-12-08,2025-12-08,靜態圖_B2B主打,active,354,1197,731,"7-day click, 1-day view, or 1-day engaged-view",0,ABSOLUTE_OCPM,-,-,-,3.091061,,37,4,,,4,36,,,,,,,1,1,,,,,,,,,36,,,0.08108108,6.321429,,97.297297,32789,00:00:00,92.624294,,3,354,1.637483,3,32789,,,92.624294,1700,Daily,2026-02-14,"102796323413794, TWD",2026春節早鳥預購_CNY,早鳥_廣泛受眾_~1/5截止
2025-12-08,2025-12-08,BRD_20251203_Video_D_ASMR_Tuile,inactive,32,176,163,"7-day click, 1-day view, or 1-day engaged-view",0,ABSOLUTE_OCPM,-,-,-,1.136364,,2,,,18.75,,1,,33,13,37,,,,,15,,13,,,,18,,1,,11,0,16,,50,,4,,,,,1.079755,,,,0.33333333,,850,Daily,Ongoing,"102796323413794, TWD","測試 - 2025-常態影片廣告","測試 - 2025-常態影片廣告 BRD"
2025-12-08,2025-12-08,BRD_VideoC_快節奏_1202,active,303,2117,1906,"7-day click, 1-day view, or 1-day engaged-view",0,ABSOLUTE_OCPM,Average,Average,"Above average",1.936703,,41,1,,16.438356,1,28,,348,66,196,,,,,68,,39,,,,101,,28,,39,0.04878049,5.05,,68.292683,,3,,,2,,1.110703,2,,,0.11206897,,850,Daily,Ongoing,"102796323413794, TWD","測試 - 2025-常態影片廣告","測試 - 2025-常態影片廣告 BRD"
2025-12-08,2025-12-08,RT14_光影影片_1202,active,6,21,19,"7-day click, 1-day view, or 1-day engaged-view",0,ABSOLUTE_OCPM,-,-,-,,,,,,9.52381,,,,2,,2,,,,,,,,,,,,,,,,,0,,0,,1,,,,,1.105263,,,,0,,300,Daily,Ongoing,"102796323413794, TWD","測試 - 2025-常態影片廣告","測試 - 2025-常態影片廣告 RT14_VC_ATC_ENG90_exPUR（重定向）"
2025-12-08,2025-12-08,"RT14_常態影片廣告 影片A-Ad1",active,479,1789,1436,"7-day click, 1-day view, or 1-day engaged-view",0,ABSOLUTE_OCPM,Average,Average,"Above average",3.074343,,55,2,,15.986585,2,47,,286,74,133,,,,,36,,25,,,,87,,47,,21,0.07272727,6.063291,,85.454545,,3,,,4,,1.245822,4,,,0.07342657,,300,Daily,Ongoing,"102796323413794, TWD","測試 - 2025-常態影片廣告","測試 - 2025-常態影片廣告 RT14_VC_ATC_ENG90_exPUR（重定向）"
2025-12-08,2025-12-08,"測試 - 2025-常態影片廣告 影片A-Ad2",active,943,7786,6878,"7-day click, 1-day view, or 1-day engaged-view",0,ABSOLUTE_OCPM,"Above average",Average,"Above average",1.502697,,117,14,,17.72412,14,104,,1380,395,1593,,,5,5,481,,413,,,,740,,104,,393,0.11111111,4.860825,,88.888889,3524,2,3.73701,,13,188.6,1.132015,13,3524,,0.28478261,3.73701,850,Daily,Ongoing,"102796323413794, TWD","測試 - 2025-常態影片廣告","測試 - 2025-常態影片廣告 BRD"
2025-12-07,2025-12-07,影片_B2C氛圍,active,899,3642,2679,"7-day click, 1-day view, or 1-day engaged-view",0,ABSOLUTE_OCPM,Average,-,-,5.134541,,187,21,,22.515102,21,193,,820,202,826,,,3,3,295,,221,,,,441,,193,,209,0.22994652,3.1,,103.208556,3546,3,3.944383,,43,299.666667,1.359462,43,3546,,0.25487805,3.944383,1700,Daily,2026-02-14,"102796323413794, TWD",2026春節早鳥預購_CNY,早鳥_廣泛受眾_~1/5截止
2025-12-07,2025-12-07,靜態圖_B2B主打,active,380,1188,785,"7-day click, 1-day view, or 1-day engaged-view",0,ABSOLUTE_OCPM,-,-,-,4.377104,,52,7,,,7,59,,,,,,,3,2,,,,,,,,,59,,,0.15384615,5.135135,,113.461538,7663,00:00:00,20.165789,,8,126.666667,1.513376,8,7663,1,,20.165789,1700,Daily,2026-02-14,"102796323413794, TWD",2026春節早鳥預購_CNY,早鳥_廣泛受眾_~1/5截止
2025-12-07,2025-12-07,BRD_20251203_Video_D_ASMR_Tuile,inactive,9,16,16,"7-day click, 1-day view, or 1-day engaged-view",0,ABSOLUTE_OCPM,-,-,-,6.25,,1,,,37.5,,,,6,1,6,,,,,1,,1,,,,2,,,,1,0,9,,0,,5,,,,,1,,,,0.16666667,,850,Daily,Ongoing,"102796323413794, TWD","測試 - 2025-常態影片廣告","測試 - 2025-常態影片廣告 BRD"
2025-12-07,2025-12-07,BRD_VideoC_快節奏_1202,active,200,1084,907,"7-day click, 1-day view, or 1-day engaged-view",0,ABSOLUTE_OCPM,"Above average",Average,"Above average",1.476015,,16,7,,16.97417,7,16,,184,43,119,,,1,1,43,,18,,,,66,,16,,18,1.25,7.142857,,100,2578,3,12.89,,20,200,1.195149,20,2578,,0.09782609,12.89,850,Daily,Ongoing,"102796323413794, TWD","測試 - 2025-常態影片廣告","測試 - 2025-常態影片廣告 BRD"
2025-12-07,2025-12-07,RT14_光影影片_1202,active,0,0,0,-,0,ABSOLUTE_OCPM,-,-,-,,,,,,,,,,,,,,,,,,,,,,,,,,,,,0,,0,,00:00:00,,,,,0,,,,,,300,Daily,Ongoing,"102796323413794, TWD","測試 - 2025-常態影片廣告","測試 - 2025-常態影片廣告 RT14_VC_ATC_ENG90_exPUR（重定向）"
2025-12-07,2025-12-07,"RT14_常態影片廣告 影片A-Ad1",active,530,2250,1875,"7-day click, 1-day view, or 1-day engaged-view",0,ABSOLUTE_OCPM,Average,Average,"Above average",3.022222,,68,4,,17.866667,4,62,,402,104,193,,,2,2,45,,32,,,,122,,62,,30,0.07352941,6.022727,,91.176471,3151,3,5.945283,,5,265,1.2,5,3151,,0.07462687,5.945283,300,Daily,Ongoing,"102796323413794, TWD","測試 - 2025-常態影片廣告","測試 - 2025-常態影片廣告 RT14_VC_ATC_ENG90_exPUR（重定向）"
2025-12-07,2025-12-07,"測試 - 2025-常態影片廣告 影片A-Ad2",active,1193,10938,9719,"7-day click, 1-day view, or 1-day engaged-view",0,ABSOLUTE_OCPM,"Above average",Average,"Above average",1.737063,,190,10,,18.339733,10,173,,2006,554,2336,,,5,5,698,,570,,,,1073,,173,,551,0.29473684,4.260714,,91.052632,5426,2,4.548198,,56,238.6,1.125424,56,5426,,0.27467597,4.548198,850,Daily,Ongoing,"102796323413794, TWD","測試 - 2025-常態影片廣告","測試 - 2025-常態影片廣告 BRD"
2025-12-06,2025-12-06,影片_B2C氛圍,active,922,3663,2606,"7-day click, 1-day view, or 1-day engaged-view",0,ABSOLUTE_OCPM,Average,-,-,4.695605,,172,11,,20.01092,11,151,,733,167,737,,,3,3,240,,187,,,,418,,151,,174,0.1627907,3.559846,,87.790698,2359,3,2.558568,,28,307.333333,1.405602,28,2359,,0.23738063,2.558568,1700,Daily,2026-02-14,"102796323413794, TWD",2026春節早鳥預購_CNY,早鳥_廣泛受眾_~1/5截止
2025-12-06,2025-12-06,靜態圖_B2B主打,active,290,942,619,"7-day click, 1-day view, or 1-day engaged-view",0,ABSOLUTE_OCPM,-,-,-,4.883227,,46,12,,,12,47,,,,,,,1,1,,,,,,,,,47,,,0.30434783,4.677419,,102.173913,1306,00:00:00,4.503448,,14,290,1.521809,14,1306,,,4.503448,1700,Daily,2026-02-14,"102796323413794, TWD",2026春節早鳥預購_CNY,早鳥_廣泛受眾_~1/5截止
2025-12-06,2025-12-06,BRD_20251203_Video_D_ASMR_Tuile,inactive,0,0,0,-,0,ABSOLUTE_OCPM,-,-,-,,,,,,,,,,,,,,,,,,,,,,,,,,,,,0,,0,,00:00:00,,,,,0,,,,,,850,Daily,Ongoing,"102796323413794, TWD","測試 - 2025-常態影片廣告","測試 - 2025-常態影片廣告 BRD"
2025-12-06,2025-12-06,BRD_VideoC_快節奏_1202,active,116,611,533,"7-day click, 1-day view, or 1-day engaged-view",0,ABSOLUTE_OCPM,"Above average",Average,"Above average",1.963993,,12,,,15.548282,,11,,95,25,59,,,,,25,,12,,,,33,,11,,12,0.25,6.823529,,91.666667,,3,,,3,,1.146341,3,,,0.12631579,,850,Daily,Ongoing,"102796323413794, TWD","測試 - 2025-常態影片廣告","測試 - 2025-常態影片廣告 BRD"
2025-12-06,2025-12-06,RT14_光影影片_1202,active,8,21,19,"7-day click, 1-day view, or 1-day engaged-view",0,ABSOLUTE_OCPM,-,-,-,9.52381,,2,,,4.761905,,2,,1,,1,,,,,,,,,,,,,2,,,0,4,,100,,1,,,,,1.105263,,,,0,,300,Daily,Ongoing,"102796323413794, TWD","測試 - 2025-常態影片廣告","測試 - 2025-常態影片廣告 RT14_VC_ATC_ENG90_exPUR（重定向）"
2025-12-06,2025-12-06,"RT14_常態影片廣告 影片A-Ad1",active,394,1722,1448,"7-day click, 1-day view, or 1-day engaged-view",0,ABSOLUTE_OCPM,"Above average",Average,"Above average",2.206736,,38,10,,17.073171,10,34,,294,66,129,,,3,3,29,,17,,,,75,,34,,16,0.55263158,8.382979,,89.473684,2523,3,6.403553,,21,131.333333,1.189227,21,2523,,0.05442177,6.403553,300,Daily,Ongoing,"102796323413794, TWD","測試 - 2025-常態影片廣告","測試 - 2025-常態影片廣告 RT14_VC_ATC_ENG90_exPUR（重定向）"
2025-12-06,2025-12-06,"測試 - 2025-常態影片廣告 影片A-Ad2",active,956,8975,8086,"7-day click, 1-day view, or 1-day engaged-view",0,ABSOLUTE_OCPM,"Above average",Average,"Above average",1.236769,,111,3,,18.48468,3,103,,1659,501,1885,,,,,603,,523,,,,936,,103,,503,0.12612613,5.252747,,92.792793,,2,,,14,,1.109943,14,,,0.3031947,,850,Daily,Ongoing,"102796323413794, TWD","測試 - 2025-常態影片廣告","測試 - 2025-常態影片廣告 BRD"
2025-12-05,2025-12-05,影片_B2C氛圍,active,932,4028,2865,"7-day click, 1-day view, or 1-day engaged-view",0,ABSOLUTE_OCPM,Average,-,-,4.99007,,201,24,,22.492552,24,200,,906,234,921,,,7,7,314,,251,,,,520,,200,,237,0.23880597,2.733138,,99.502488,22508,3,24.150215,,48,133.142857,1.405934,48,22508,,0.2615894,24.150215,1700,Daily,2026-02-14,"102796323413794, TWD",2026春節早鳥預購_CNY,早鳥_廣泛受眾_~1/5截止
2025-12-05,2025-12-05,靜態圖_B2B主打,active,229,721,430,"7-day click, 1-day view, or 1-day engaged-view",0,ABSOLUTE_OCPM,-,-,-,7.905687,,57,5,,,5,56,,,,,,,3,3,,,,,,,,,56,,,0.43859649,3.013158,,98.245614,5254,00:00:00,22.943231,,25,76.333333,1.676744,25,5254,,,22.943231,1700,Daily,2026-02-14,"102796323413794, TWD",2026春節早鳥預購_CNY,早鳥_廣泛受眾_~1/5截止
2025-12-05,2025-12-05,BRD_20251203_Video_D_ASMR_Tuile,inactive,57,254,226,"7-day click, 1-day view, or 1-day engaged-view",0,ABSOLUTE_OCPM,-,-,-,3.149606,,8,1,,27.559055,1,9,,70,22,80,,,,,30,,24,,,,47,,9,,23,0.25,4.071429,,112.5,,4,,,2,,1.123894,2,,,0.32857143,,850,Daily,Ongoing,"102796323413794, TWD","測試 - 2025-常態影片廣告","測試 - 2025-常態影片廣告 BRD"
2025-12-05,2025-12-05,BRD_VideoC_快節奏_1202,active,189,1004,907,"7-day click, 1-day view, or 1-day engaged-view",0,ABSOLUTE_OCPM,"Above average",Average,"Above average",1.693227,,17,2,,20.517928,2,22,,206,47,126,,,2,2,51,,17,,,,65,,22,,13,0.41176471,8.590909,,129.411765,5825,3,30.820106,,7,94.5,1.106946,7,5825,,0.0631068,30.820106,850,Daily,Ongoing,"102796323413794, TWD","測試 - 2025-常態影片廣告","測試 - 2025-常態影片廣告 BRD"
2025-12-05,2025-12-05,RT14_光影影片_1202,active,0,5,5,"7-day click, 1-day view, or 1-day engaged-view",0,ABSOLUTE_OCPM,-,-,-,,,,,,,,,,,,,,,,,,,,,,,,,,,,,0,,0,,1,,,,,1,,,,,,300,Daily,Ongoing,"102796323413794, TWD","測試 - 2025-常態影片廣告","測試 - 2025-常態影片廣告 RT14_VC_ATC_ENG90_exPUR（重定向）"
2025-12-05,2025-12-05,"RT14_常態影片廣告 影片A-Ad1",active,458,2004,1721,"7-day click, 1-day view, or 1-day engaged-view",0,ABSOLUTE_OCPM,Average,Average,"Above average",1.946108,,39,3,,18.113772,3,33,,363,125,195,,,,,49,,36,,,,133,,33,,33,0.1025641,6.735294,,84.615385,,4,,,4,,1.164439,4,,,0.09090909,,300,Daily,Ongoing,"102796323413794, TWD","測試 - 2025-常態影片廣告","測試 - 2025-常態影片廣告 RT14_VC_ATC_ENG90_exPUR（重定向）"
2025-12-05,2025-12-05,"測試 - 2025-常態影片廣告 影片A-Ad2",active,844,8320,7650,"7-day click, 1-day view, or 1-day engaged-view",0,ABSOLUTE_OCPM,"Above average",Average,"Above average",1.40625,,117,13,,17.307692,13,147,,1440,424,1667,,,2,2,526,,442,,,,798,,147,,422,0.22222222,4.662983,,125.641026,1583,2,1.875592,,26,422,1.087582,26,1583,,0.29305556,1.875592,850,Daily,Ongoing,"102796323413794, TWD","測試 - 2025-常態影片廣告","測試 - 2025-常態影片廣告 BRD"
2025-12-04,2025-12-04,影片_B2C氛圍,active,482,2615,2173,"7-day click, 1-day view, or 1-day engaged-view",0,ABSOLUTE_OCPM,-,-,-,5.353728,,140,8,,24.665392,8,130,,645,173,645,,,3,3,234,,186,,,,363,,130,,171,0.12142857,2.059829,,92.857143,4342,3,9.008299,,17,160.666667,1.203405,17,4342,,0.26511628,9.008299,1700,Daily,2026-02-14,"102796323413794, TWD",2026春節早鳥預購_CNY,早鳥_廣泛受眾_~1/5截止
2025-12-04,2025-12-04,靜態圖_B2B主打,active,109,507,455,"7-day click, 1-day view, or 1-day engaged-view",0,ABSOLUTE_OCPM,-,-,-,3.944773,,20,2,,,2,25,,,,,,,,,,,,,,,,,25,,,0.25,3.114286,,125,,00:00:00,,,5,,1.114286,5,,,,,1700,Daily,2026-02-14,"102796323413794, TWD",2026春節早鳥預購_CNY,早鳥_廣泛受眾_~1/5截止
2025-12-04,2025-12-04,BRD_20251203_Video_D_ASMR_Tuile,inactive,4,6,5,"7-day click, 1-day view, or 1-day engaged-view",0,ABSOLUTE_OCPM,-,-,-,,,,,,16.666667,,,,1,,1,,,,,1,,1,,,,1,,,,,,0,,0,,3,,,,,1.2,,,,0,,850,Daily,Ongoing,"102796323413794, TWD","測試 - 2025-常態影片廣告","測試 - 2025-常態影片廣告 BRD"
2025-12-04,2025-12-04,BRD_VideoC_快節奏_1202,active,317,1826,1575,"7-day click, 1-day view, or 1-day engaged-view",0,ABSOLUTE_OCPM,"Above average",Average,"Above average",1.6977,,31,4,,18.619934,4,23,,340,78,210,,,2,2,80,,32,,,,111,,23,,27,0.41935484,6.744681,,74.193548,1343,3,4.236593,,13,158.5,1.159365,13,1343,,0.07941176,4.236593,850,Daily,Ongoing,"102796323413794, TWD","測試 - 2025-常態影片廣告","測試 - 2025-常態影片廣告 BRD"
2025-12-04,2025-12-04,RT14_光影影片_1202,active,0,3,3,"7-day click, 1-day view, or 1-day engaged-view",0,ABSOLUTE_OCPM,-,-,-,,,,,,,,,,,,,,,,,,,,,,,,,,,,,0,,0,,00:00:00,,,,,1,,,,,,300,Daily,Ongoing,"102796323413794, TWD","測試 - 2025-常態影片廣告","測試 - 2025-常態影片廣告 RT14_VC_ATC_ENG90_exPUR（重定向）"
2025-12-04,2025-12-04,"RT14_常態影片廣告 影片A-Ad1",active,435,1741,1462,"7-day click, 1-day view, or 1-day engaged-view",0,ABSOLUTE_OCPM,Average,Average,"Above average",2.067777,,36,2,,22.056289,2,29,,384,119,196,,,,,47,,38,,,,129,,29,,38,0.33333333,8.529412,,80.555556,,4,,,12,,1.190834,12,,,0.09895833,,300,Daily,Ongoing,"102796323413794, TWD","測試 - 2025-常態影片廣告","測試 - 2025-常態影片廣告 RT14_VC_ATC_ENG90_exPUR（重定向）"
2025-12-04,2025-12-04,"測試 - 2025-常態影片廣告 影片A-Ad2",active,823,7168,6375,"7-day click, 1-day view, or 1-day engaged-view",0,ABSOLUTE_OCPM,"Above average",Average,"Above average",1.478795,,106,17,,16.992188,17,98,,1218,326,1397,,,2,1,398,,333,,,,627,,98,,324,0.43396226,4.546961,,92.45283,886,2,1.076549,,46,411.5,1.124392,46,886,1,0.26600985,1.076549,850,Daily,Ongoing,"102796323413794, TWD","測試 - 2025-常態影片廣告","測試 - 2025-常態影片廣告 BRD"
